Workbook

Sheet Faculty-Class Match Backlog
A1: ID | B1: User Story | C1: Criteria | D1: Priority | E1: Status | H1: Progress Tracker
A2: EPIC 1: Core Faculty Preference System (MVP) | H2: Status | I2: Count
A3: 1.1 | B3: Faculty login using college password | C3: Login per college; invalid shows error; no individual accounts | D3: High | E3: Completed | H3: Not Started | I3: =COUNTIF($E$2:$E$29,"Not Started") -> 1
A4: 1.2 | B4: Term selection with dynamic course list | C4: Dropdown term populates course list | D4: High | E4: Completed | H4: Ongoing | I4: =COUNTIF($E$2:$E$29,"Ongoing") -> 4
A5: 1.3 | B5: Rate courses 0–4 | C5: Ratings validated and saved | D5: High | E5: Completed | H5: Completed | I5: =COUNTIF($E$2:$E$29,"Completed") -> 17
A6: 1.4 | B6: Store faculty preferences | C6: Saved to CSV or SQLite | D6: High | E6: Completed
A7: 1.5 | B7: Submit preferences | C7: Submit button validates and confirms | D7: High | E7: Completed
A8: EPIC 2: Solver Integration
A9: 2.1 | B9: Admin triggers solver | C9: Button runs backend and generates Excel | D9: High | E9: Completed
A10: 2.2 | B10: Generate Python solver script | C10: Hard/soft constraints encoded | D10: High | E10: Completed
A11: 2.3 | B11: Export Excel results | C11: Downloadable solution.xlsx | D11: High | E11: Completed
A12: EPIC 3: Admin Review & Data Management
A13: 3.1 | B13: Download faculty preferences | C13: Export pre-solver preferences via pandas | D13: High | E13: Completed
A14: 3.2 | B14: View solver output page | C14: Table showing assignments; re-run solver option | D14: Medium | E14: Not Started
A15: 3.3 | B15: Handle crosslisted courses | C15: 470/570 treated as one | D15: Medium | E15: Completed
A16: EPIC 4: Deployment & Hosting
A17: 4.1 | B17: Host app on DSU domain | C17: App resolves on bim.inclass.today | D17: Medium | E17: Ongoing
A18: 4.2 | B18: GitHub CI validation | C18: Linting and validation on push | D18: Low | E18: Completed
A19: 4.3 | B19: Add Testing Framework | C19: Automated tests run on js, html, and python | D19: High | E19: Ongoing
A20: EPIC 5: Quality & Maintenance
A21: 5.1 | B21: Avoid feature creep | C21: No new features without approval | D21: Critical | E21: Ongoing
A22: 5.2 | B22: Documentation updates | C22: README and comments updated each sprint | D22: High | E22: Ongoing
A23: 5.3 | B23: Version control on GitHub | C23: All assets tracked with branch naming conventions | D23: High | E23: Completed
A24: EPIC 6: Bringin it Home
A25: 6.1 | B25: Add tests | C25: Tests for python, javascript, and html Code coverage | D25: Medium | E25: Completed
A26: 6.2 | B26: Reflections Paper | C26: 3 page paper with inputs from everyone | D26: High | E26: Completed
A27: 6.3 | B27: Peer Reviews | C27: Submission of peer review from everyone. NO AI | D27: Medium | E27: Completed
A28: 6.4 | B28: Create Slide Deck | C28: Any slides necessary to describe project for final presentation | D28: High | E28: Completed
A29: 6.5 | B29: Create Final Presentation | C29: Final presentation/ slide deck/ video of working project | D29: Critical | E29: Completed

Sheet Sprint1
A1: d | B1: User Story | C1: Criteria | D1: Priority | E1: Status | F1: Story Points | G1: Assignee | I1: Points Status
A2: 1.1 | B2: Faculty login using college password | C2: Login per college; invalid shows error; no individual accounts | D2: ='Faculty-Class Match Backlog'!D7 -> High | E2: ='Faculty-Class Match Backlog'!E3 -> Completed | F2: 4 | G2: Ryan | H2: Not Started | I2: =SUMIF(E:E, "Not Started", F:F) -> 0
A3: 1.2 | B3: Term selection with dynamic course list | C3: Dropdown term populates course list | D3: ='Faculty-Class Match Backlog'!D4 -> High | E3: ='Faculty-Class Match Backlog'!E4 -> Completed | F3: 3 | G3: Phoenix | H3: Ongoing | I3: =SUMIF(E:E, "Ongoing", F:F) -> 0
A4: 1.3 | B4: Rate courses 0–4 | C4: Ratings validated and saved | D4: ='Faculty-Class Match Backlog'!D5 -> High | E4: ='Faculty-Class Match Backlog'!E5 -> Completed | F4: 4 | G4: Phoenix | H4: Completed | I4: =SUMIF(E:E, "Completed", F:F) -> 19
A5: 1.4 | B5: Store faculty preferences | C5: Saved to CSV or SQLite | D5: ='Faculty-Class Match Backlog'!D6 -> High | E5: ='Faculty-Class Match Backlog'!E6 -> Completed | F5: 4 | G5: Phoenix
A6: 1.5 | B6: Submit preferences | C6: Submit button validates and confirms | D6: ='Faculty-Class Match Backlog'!D7 -> High | E6: ='Faculty-Class Match Backlog'!E7 -> Completed | F6: 4 | G6: Phoenix
A8: Sprint Story Points Total | B8: =SUM(F:F) -> 19

Sheet Sprint2
A1: ID | B1: User Story | C1: Criteria | D1: Priority | E1: Status | F1: Story Points | G1: Assignee | I1: Points Status
A2: 2.2 | B2: Generate Python solver script | C2: Hard/soft constraints encoded | D2: ='Faculty-Class Match Backlog'!D10 -> High | E2: ='Faculty-Class Match Backlog'!E10 -> Completed | F2: 6 | G2: Ryan | H2: Not Started | I2: =SUMIF(E:E, "Not Started", F:F) -> 0
A3: 2.1 | B3: Admin triggers solver | C3: Button runs backend and generates Excel | D3: ='Faculty-Class Match Backlog'!D9 -> High | E3: ='Faculty-Class Match Backlog'!E9 -> Completed | F3: 4 | G3: Phoenix | H3: Ongoing | I3: =SUMIF(E:E, "Ongoing", F:F) -> 0
A4: 2.3 | B4: Export Excel results | C4: Downloadable solution.xlsx | D4: ='Faculty-Class Match Backlog'!D11 -> High | E4: ='Faculty-Class Match Backlog'!E11 -> Completed | F4: 3 | G4: Ryan | H4: Completed | I4: =SUMIF(E:E, "Completed", F:F) -> 18
A5: 3.1 | B5: Download faculty preferences | C5: Export pre-solver preferences via pandas | D5: ='Faculty-Class Match Backlog'!D13 -> High | E5: ='Faculty-Class Match Backlog'!E13 -> Completed | F5: 3 | G5: Andy
A6: 4.2 | B6: GitHub CI validation | C6: Linting and validation on push | D6: ='Faculty-Class Match Backlog'!D18 -> Low | E6: ='Faculty-Class Match Backlog'!E18 -> Completed | F6: 2 | G6: Andy
B7: Add testing framework | C7: Test framework to run automated tests added | D7: High | G7: Andy
A9: Sprint Story Points Total | B9: =SUM(F:F) -> 18

Sheet Sprint3
A1: ID | B1: User Story | C1: Criteria | D1: Priority | E1: Status | F1: Story Points | G1: Assignee | I1: Points Status
A2: 3.2 | B2: View solver output page | C2: Table showing assignments; re-run solver option | D2: ='Faculty-Class Match Backlog'!D14 -> Medium | E2: ='Faculty-Class Match Backlog'!E14 -> Not Started | F2: 4 | G2: Phoenix | H2: Not Started | I2: =SUMIF(E:E, "Not Started", F:F) -> 4
A3: 3.3 | B3: Handle crosslisted courses | C3: 470/570 treated as one | D3: ='Faculty-Class Match Backlog'!D15 -> Medium | E3: ='Faculty-Class Match Backlog'!E15 -> Completed | F3: 3 | G3: Phoenix | H3: Ongoing | I3: =SUMIF(E:E, "Ongoing", F:F) -> 9
A4: 4.1 | B4: Host app on DSU domain | C4: App resolves on bim.inclass.today | D4: ='Faculty-Class Match Backlog'!D17 -> Medium | E4: ='Faculty-Class Match Backlog'!E17 -> Ongoing | F4: 4 | H4: Completed | I4: =SUMIF(E:E, "Completed", F:F) -> 6
A5: 5.1 | B5: Avoid feature creep | C5: No new features without approval | D5: ='Faculty-Class Match Backlog'!D21 -> Critical | E5: ='Faculty-Class Match Backlog'!E21 -> Ongoing | F5: 2 | G5: ALL
A6: 5.2 | B6: Documentation updates | C6: README and comments updated each sprint | D6: ='Faculty-Class Match Backlog'!D22 -> High | E6: ='Faculty-Class Match Backlog'!E22 -> Ongoing | F6: 3 | G6: ALL
A7: 5.3 | B7: Version control on GitHub | C7: All assets tracked with branch naming conventions | D7: ='Faculty-Class Match Backlog'!D23 -> High | E7: ='Faculty-Class Match Backlog'!E23 -> Completed | F7: 3 | G7: Zack
A9: Sprint Story Points Total | B9: =SUM(F:F) -> 19

Sheet Sprint4
A1: ID | B1: User Story | C1: Criteria | D1: Priority | E1: Status | F1: Story Points | G1: Assignee | I1: Points Status
A2: 6.1 | B2: Add tests | C2: Tests for python, javascript, and html added were applicable. Code coverage metric increased | D2: ='Faculty-Class Match Backlog'!D14 -> Medium | E2: ='Faculty-Class Match Backlog'!E25 -> Completed | F2: 6 | G2: Zack | H2: Not Started | I2: =SUMIF(E:E, "Not Started", F:F) -> 0
A3: 6.2 | B3: Reflections Paper | C3: 3 page paper with inputs from everyone of what went well and what could have been improved | D3: ='Faculty-Class Match Backlog'!D15 -> Medium | E3: ='Faculty-Class Match Backlog'!E26 -> Completed | F3: 4 | G3: ALL | H3: Ongoing | I3: =SUMIF(E:E, "Ongoing", F:F) -> 0
A4: 6.3 | B4: Peer Reviews | C4: Submission of peer review from everyone. NO AI | D4: ='Faculty-Class Match Backlog'!D17 -> Medium | E4: ='Faculty-Class Match Backlog'!E27 -> Completed | F4: 2 | G4: ALL | H4: Completed | I4: =SUMIF(E:E, "Completed", F:F) -> 20
A5: 6.4 | B5: Create Slide Deck | C5: Any slides necessary to describe project for final presentation | D5: ='Faculty-Class Match Backlog'!D21 -> Critical | E5: ='Faculty-Class Match Backlog'!E28 -> Completed | F5: 2 | G5: ALL
A6: 6.5 | B6: Create Final Presentation | C6: Final presentation covering slide deck and video of working project | D6: ='Faculty-Class Match Backlog'!D22 -> High | E6: ='Faculty-Class Match Backlog'!E29 -> Completed | F6: 6 | G6: ALL
E7: ='Faculty-Class Match Backlog'!E30
A9: Sprint Story Points Total | B9: =SUM(F:F) -> 20
